segment,keyword,rank,name,category,web,reviews,rating,fit
A,cosmetic dentist,3,زراعة الاسنان ابتسامة تجميل فينير تبييض الاسنان دكتور محمد الاحمد Dental implants | Veneer | Hollywood smile | Cosmetic,Cosmetic dentist,mayoclinic.org,72,4.9,
A,cosmetic dentist,5,بريفيا دنت privea dent,Cosmetic dentist,priveadent.sa,176,4.9,
A,cosmetic dentist,6,Ram Clinics | عيادات رام,Cosmetic dentist,ramclinics.net,145,4.5,
A,cosmetic dentist,7,مركز سجام لطب الأسنان,Dental clinic,sijam-mc.com,2084,4.3,
A,cosmetic dentist,9,Smile Dental Clinic - سمايل لطب وتجميل الاسنان,Cosmetic dentist,smileclinic.sa,420,4.6,
A,cosmetic dentist,11,Odont Dental Clinic عيادات أودنت لطب الأسنان,Dental clinic,odont.sa,229,4.5,
A,cosmetic dentist,13,Cosmodent Dental Consultant Clinics,Cosmetic dentist,cosmodent.sa,897,4.3,
A,cosmetic dentist,14,Symphony clinic,Cosmetic dentist,symphony.sa,1870,4.2,
A,cosmetic dentist,18,Professor Clinics Ezdehar,Cosmetic dentist,professorsa.com,737,4.4,
A,cosmetic dentist,19,عيادات سافي لطب وتجميل الاسنان - Savvy Dental Clinics,Cosmetic dentist,none,841,4.3,
A,dermatology clinic,4,Lines Clinics عيادات لاينز - الصحافة,Skin care clinic,linesclinics.com,1626,4.2,
A,dermatology clinic,5,DerMore clinic,Dermatologist,none,1200,3.8,
A,dermatology clinic,6,Dermati Clinics | عيادات ديرماتي,Skin care clinic,dermati.sa,384,4.8,
A,dermatology clinic,7,Dermo Clinic - ديرمو كلينك,Dermatologist,none,97,4.7,
A,dermatology clinic,8,Dermadent Clinic,Dental clinic,dermadent.sa,2370,4.3,
A,dermatology clinic,12,Dr. Sulaiman Al Habib Dermatology Takhasusi Branch,Dermatologist,hmg.com,15,4.3,
A,dermatology clinic,13,عيادات البروفيسور - Professor Clinics,Dermatologist,professorsa.com,915,4.8,
A,dermatology clinic,14,Ayla Medical Center - مركز ايلا الطبي,Dermatologist,ayladerma.com,924,4.7,
A,dermatology clinic,15,Avant Clinics,Dermatologist,avantclinic.sa,675,4.2,
A,dermatology clinic,16,Kaya Skin clinic- Al Malqa  Riyadh,Skin care clinic,kayaskinclinic.com,11,5,
A,orthodontic clinic,1,Rawdah Dental Care with Ortho - Riyadh,Dental clinic,instagram,43,4.8,
A,orthodontic clinic,2,تقويم اسنان - انفزلاين التقويم الشفاف د. براء مصطفى,Dental clinic,webteb.com,125,4.9,
A,orthodontic clinic,3,Smile Care,Dental clinic,smilecare.sa,2074,4.4,
A,orthodontic clinic,4,Oral Dental Clinics,Dental clinic,none,719,4.7,
A,orthodontic clinic,6,Dr. Rajat Sharma Orthodontist,Dental clinic,none,26,4.6,
A,orthodontic clinic,7,Dental Care Complex for Dental Medicine and Orthodontics,Dental clinic,none,255,3.7,
A,orthodontic clinic,8,Loran Dental Clinics | عيادات لوران لطب الأسنان,Dental clinic,loranclinics.com,770,4.5,
A,orthodontic clinic,9,Dr. Ahmad Hamdan Orthodontics,Orthodontist,instagram,15,5,
A,orthodontic clinic,10,Dr Praveen BS (Consultant Orthodontist  Senior registrar) Riyadh دكتور برافين (اخصائي اول تقويم الاسنان) بالرياض,Dental clinic,none,8,5,
A,orthodontic clinic,11,عيادة د.فيصل الفرا أخصائي تقويم الأسنان في مجمع عيادات بيرل ٢ حي اليرموك,Orthodontist,instagram,51,4.1,
A,ابتسامة هوليود,1,Dr. Mostafa Kamel Lets Design Your Perfect Smileالدكتور مصطفى كامل - تجميل الاسنان و ابتسامه هوليود ...,Dental clinic,drmostafakamel.com,58,4.9,
A,ابتسامة هوليود,2,عيادة QB لطب وتجميل الأسنان ابتسامة هوليود 3D,Dental clinic,qahwajiclinic.com,54,4.9,
A,ابتسامة هوليود,3,عيادة د بلال الدالي ابتسامة هوليودية تركيبات اسنان وعلاج خراجات الاسنان,Dental clinic,drbelalaldali.com,75,4.7,
A,ابتسامة هوليود,4,عالم الابتسامة لطب الأسنان والجلدية والتجميل - Smile World Center,Medical clinic,ibtisama.com,2738,4.4,
A,ابتسامة هوليود,5,Horizon Dental Clinic,Dental clinic,horizondent.com,1084,4.6,
A,ابتسامة هوليود,6,Happy Smile,Medical clinic,none,542,4.1,
A,ابتسامة هوليود,7,مركز ابتسامتك,Dental clinic,ebtsamatac.med.sa,1459,4.2,
A,ابتسامة هوليود,8,عيادات المسواك الطبية,Medical clinic,almeswak.com,635,3.3,
A,ابتسامة هوليود,9,ابتسامة هوليود غلامور,Dental clinic,none,,,
A,ابتسامة هوليود,21,عيادات دنتكس لطب الأسنان,Dental clinic,dentex.sa,710,4.6,
A,عيادة تجميل أسنان,1,Designer's clinic,Dental clinic,ddclinic.sa,1283,4.6,
A,عيادة تجميل أسنان,2,مجمع روت الطبي,Medical clinic,root-clinics.com,1038,4.5,
A,عيادة تجميل أسنان,3,Loro Clinics,Skin care clinic,loroclinic.com,705,4.7,
A,عيادة تجميل أسنان,4,عيادات تجميل ديرمو برايت | DermoBright Cosmetic clinic,Medical clinic,dermoobright.com,597,4.6,
A,عيادة تجميل أسنان,5,Pretty Smile Dental,Medical clinic,none,511,2.9,
A,عيادة تجميل أسنان,6,Alpha Clinic - Dental Services,Dental clinic,alphadentalcare.co,497,4.8,
A,عيادة تجميل أسنان,8,DentoCare Clinics - عيادات دنتوكير,Dental clinic,instagram,741,4.8,
A,عيادة تجميل أسنان,9,Dr. Bassem Abukanon  Cosmetic Dentistry Expert,Dentist,about.me,158,4.9,
A,عيادة تجميل أسنان,10,داف الجمال الطبي اسنان و الجلدية و تجميل,Dental clinic,dafdental.sa,895,4.4,
A,عيادة تجميل أسنان,11,Cosmo Prof,Dentist,cosmoprof.com.sa,1917,4.7,
A,عيادة تقويم أسنان,1,Al Farabi medical centre,Medical clinic,farabiclinics.com,1136,4.7,
A,عيادة تقويم أسنان,4,مجمع عيادات المدار لطب الأسنان والجلدية,Specialized clinic,madarr.com.sa,2187,4.4,
A,عيادة تقويم أسنان,8,عيادات آســــــر لطب وتقويم الأسنان,Dental clinic,none,296,4.4,
A,عيادة تقويم أسنان,9,مجمع عيادات درة العالمي لطب الاسنان,Dental clinic,docs.google.com,964,4.4,
A,عيادة تقويم أسنان,11,عيادات عاجي لطب الأسنان - حطين,Dental clinic,aaji.sa,992,4,
A,عيادة تقويم أسنان,15,مجمع نوفا لطب الاسنان _ غرناطه,Dental clinic,forms.gle,805,4,
A,عيادة تقويم أسنان,16,Dr.Essam Al-khatib orthodontist,Dentist,social,20,4.4,
A,عيادة تقويم أسنان,18,FEDAD Specialist Center For Dentistry,Specialized clinic,fedadclinics.net,428,4.2,
A,عيادة تقويم أسنان,20,مجمع نهج الطبي للأسنان والجلدية والتجميل,Orthodontist,linktree,3544,4.4,
A,عيادة تقويم أسنان,22,الدكتور باسل الميداني - تقويم اسنان - تقويم شفاف Invisalign,Orthodontist,orthodontist-basel.com,33,4.8,
A,عيادة جلدية وتجميل,1,عيادات جوزيف ديرم JosephDerm - جلدية وتجميل وليزر - فرع اليرموك,Specialized clinic,josephderm.com,811,4.2,
A,عيادة جلدية وتجميل,5,عيادات جوزيف ديرم JosephDerm - جلدية وتجميل وليزر - فرع الازدهار,Specialized clinic,josephderm.com,1205,4.1,
A,عيادة جلدية وتجميل,6,عيادات جوزيف ديرم JosephDerm - جلدية وتجميل وليزر - فرع النخيل,Specialized clinic,josephderm.com,860,4.1,
A,عيادة جلدية وتجميل,7,عيادات جوزيف ديرم جلدية فرع الروضة,Specialized clinic,josephderm.com,840,4.4,
A,عيادة جلدية وتجميل,8,عيادات وجن للجلدية والتجميل والليزر - فرع النفل,Medical Center,wajanclinic2.com,622,4.5,
A,عيادة جلدية وتجميل,10,كوزمو دكتور,Skin care clinic,cosmodoctor.com.sa,4186,4,
A,عيادة جلدية وتجميل,11,Kaya Skin Clinic – Al Rawdah  Riyadh,Skin care clinic,kayaskinclinic.com,632,4.3,
A,عيادة جلدية وتجميل,12,عيادات بانثيرا جلدية تجميل ليزر panthera clinics,Dermatologist,pantheraclinics.com,1166,4.7,
A,عيادة جلدية وتجميل,13,Radiance Beauty Clinic عيادات ريديانس للتجميل,Dermatologist,radiance.sa,1080,4.6,
A,عيادة جلدية وتجميل,14,عيادات الجلدية والتجميل والنسائية - مستشفى الحبيب الريان,Dermatologist,none,222,4.5,
A,مركز ليزر,2,Lavera Clinic,Medical clinic,reach.link,648,4.9,
A,مركز ليزر,3,مركز كيان الرياض الطبي,Laser hair removal service,kayanclinic.sa,1890,4.4,
A,مركز ليزر,4,diamond medical clinics 2,Laser hair removal service,diamondsclinic.com,2172,3.9,
A,مركز ليزر,5,عيادات ريمين للجلدية و التجميل و الليزر - فرع الروضة,Medical clinic,derma-remain.com,94,4.8,
A,مركز ليزر,6,عيادات ايفوريا,Laser hair removal service,ephoriaclinics.com,1151,4.5,
A,مركز ليزر,7,عيادات ريمين للجلدية والتجميل والليزر - فرع قرطبة,Medical clinic,derma-remain.com,730,4.5,
A,مركز ليزر,8,عيادات ريانه الطبي جلدية - اسنان اطفال - تجميل نسائي - ليزر,Laser hair removal service,forms.gle,1415,4.1,
A,مركز ليزر,9,عيادات رونق التخصصي,Laser hair removal service,linktree,613,4.1,
A,مركز ليزر,10,Sala Laser Tag,Laser tag center,none,352,4.8,
A,مركز ليزر,11,ماي سكن MY SKIN - عيادات الدكتور إبراهيم العبد | جراحة تجميل| جلدية| ليزر,Laser hair removal service,myskinclinicsa.com,511,4.4,
