record_id,run_id,name,category_raw,city,phone_masked,phone_type,website_platform,website_domain,store_key,instagram_handle,name_location_count,evidence_url,icp_label,label_note
google_maps:ChIJlRtglOTbwxURz5h-FdeXntQ,2026-09-17__full_A_aesthetic_clinics__jeddah,مجمع عيادات الجمال الأبدي Eternal Beauty clinic,Medical Center,Jeddah,+9665•••••911,mobile,own_site,eternalbeauty.sa,,eternalbeautysa,1,https://www.google.com/maps/search/?api=1&query=%D9%85%D8%AC%D9%85%D8%B9%20%D8%B9%D9%8A%D8%A7%D8%AF%D8%A7%D8%AA%20%D8%A7%D9%84%D8%AC%D9%85%D8%A7%D9%84%20%D8%A7%D9%84%D8%A3%D8%A8%D8%AF%D9%8A%20Eternal%20Beauty%20clinic&query_place_id=ChIJlRtglOTbwxURz5h-FdeXntQ,,
google_maps:ChIJVeV6eQDbwxUREOadhKldo3Q,2026-09-17__full_A_aesthetic_clinics__jeddah,مجمع عيادات الصائغ كير الطبي,Cosmetic dentist,Jeddah,+9665•••••806,mobile,none,,,,1,https://www.google.com/maps/search/?api=1&query=%D9%85%D8%AC%D9%85%D8%B9%20%D8%B9%D9%8A%D8%A7%D8%AF%D8%A7%D8%AA%20%D8%A7%D9%84%D8%B5%D8%A7%D8%A6%D8%BA%20%D9%83%D9%8A%D8%B1%20%D8%A7%D9%84%D8%B7%D8%A8%D9%8A&query_place_id=ChIJVeV6eQDbwxUREOadhKldo3Q,,
google_maps:ChIJzflf76jFwxURWEQJ8ofdULg,2026-09-17__full_A_aesthetic_clinics__jeddah,Dr Mohammed Bakkar د محمد بكر,Endodontist,Jeddah,+9661•••••999,landline,instagram,,,drmohammedbakkar,1,https://www.google.com/maps/search/?api=1&query=Dr%20Mohammed%20Bakkar%20%D8%AF%20%D9%85%D8%AD%D9%85%D8%AF%20%D8%A8%D9%83%D8%B1&query_place_id=ChIJzflf76jFwxURWEQJ8ofdULg,,
google_maps:ChIJUw8-DpPFwxURNY4T4ZRZYQg,2026-09-17__full_A_aesthetic_clinics__jeddah,د.محمد عباس ازمرلي Dr.Mohammad Ezmerli البورد الالماني في طب الامراض الجلدية والامريكي في التجميل,Dermatologist,Jeddah,+9665•••••831,mobile,own_site,drezmerli.com,,,1,https://www.google.com/maps/search/?api=1&query=%D8%AF.%D9%85%D8%AD%D9%85%D8%AF%20%D8%B9%D8%A8%D8%A7%D8%B3%20%D8%A7%D8%B2%D9%85%D8%B1%D9%84%D9%8A%20Dr.Mohammad%20Ezmerli%20%D8%A7%D9%84%D8%A8%D9%88%D8%B1%D8%AF%20%D8%A7%D9%84%D8%A7%D9%84%D9%85%D8%A7%D9%86%D9%8A%20%D9%81%D9%8A%20%D8%B7%D8%A8%20%D8%A7%D9%84%D8%A7%D9%85%D8%B1%D8%A7%D8%B6%20%D8%A7%D9%84%D8%AC%D9%84%D8%AF%D9%8A%D8%A9%20%D9%88%D8%A7%D9%84%D8%A7%D9%85%D8%B1%D9%8A%D9%83%D9%8A%20%D9%81%D9%8A%20%D8%A7%D9%84%D8%AA%D8%AC%D9%85%D9%8A%D9%84&query_place_id=ChIJUw8-DpPFwxURNY4T4ZRZYQg,,
google_maps:ChIJEZLGIAHRwxUR014zRs1J4l0,2026-09-17__full_A_aesthetic_clinics__jeddah,عيادات آلبا الابتسامة الطبية - فرع الربوة,Cosmetic dentist,Jeddah,,none,salla,,salla.sa/albaclincs,,1,https://www.google.com/maps/search/?api=1&query=%D8%B9%D9%8A%D8%A7%D8%AF%D8%A7%D8%AA%20%D8%A2%D9%84%D8%A8%D8%A7%20%D8%A7%D9%84%D8%A7%D8%A8%D8%AA%D8%B3%D8%A7%D9%85%D8%A9%20%D8%A7%D9%84%D8%B7%D8%A8%D9%8A%D8%A9%20-%20%D9%81%D8%B1%D8%B9%20%D8%A7%D9%84%D8%B1%D8%A8%D9%88%D8%A9&query_place_id=ChIJEZLGIAHRwxUR014zRs1J4l0,,
google_maps:ChIJMfmNH4vbwxURcqVMvg522WI,2026-09-17__full_A_aesthetic_clinics__jeddah,BellaDerm Cilinc,Beautician,Jeddah,+9665•••••489,mobile,own_site,belladerm-c.com,,,1,https://www.google.com/maps/search/?api=1&query=BellaDerm%20Cilinc&query_place_id=ChIJMfmNH4vbwxURcqVMvg522WI,,
google_maps:ChIJrTv4n92l_CARH_ShKXuQU8U,2026-09-17__full_A_aesthetic_clinics__jeddah,عيادة الدكتورة رحاب الحربي | جلدية، تجميل، ليزر,Dermatologist,Jeddah,+9665•••••929,mobile,own_site,drrehabalharbi.com,,dr.rehabalharbi,1,https://www.google.com/maps/search/?api=1&query=%D8%B9%D9%8A%D8%A7%D8%AF%D8%A9%20%D8%A7%D9%84%D8%AF%D9%83%D8%AA%D9%88%D8%B1%D8%A9%20%D8%B1%D8%AD%D8%A7%D8%A8%20%D8%A7%D9%84%D8%AD%D8%B1%D8%A8%D9%8A%20%7C%20%D8%AC%D9%84%D8%AF%D9%8A%D8%A9%D8%8C%20%D8%AA%D8%AC%D9%85%D9%8A%D9%84%D8%8C%20%D9%84%D9%8A%D8%B2%D8%B1&query_place_id=ChIJrTv4n92l_CARH_ShKXuQU8U,,
google_maps:ChIJlRI2pIPbwxURIU6P--f2a6g,2026-09-17__full_A_aesthetic_clinics__jeddah,pioneer care clinic - مجمع عناية الرواد,Specialized clinic,Jeddah,+9665•••••621,mobile,linktree,,,pioneercarepcc,1,https://www.google.com/maps/search/?api=1&query=pioneer%20care%20clinic%20-%20%D9%85%D8%AC%D9%85%D8%B9%20%D8%B9%D9%86%D8%A7%D9%8A%D8%A9%20%D8%A7%D9%84%D8%B1%D9%88%D8%A7%D8%AF&query_place_id=ChIJlRI2pIPbwxURIU6P--f2a6g,,
google_maps:ChIJpWU3PxrbwxUR5jHLl13AXd0,2026-09-17__full_A_aesthetic_clinics__jeddah,اللمسة التجميلية,Dental clinic,Jeddah,+9665•••••856,mobile,own_site,cosmetictouch.net,,,1,https://www.google.com/maps/search/?api=1&query=%D8%A7%D9%84%D9%84%D9%85%D8%B3%D8%A9%20%D8%A7%D9%84%D8%AA%D8%AC%D9%85%D9%8A%D9%84%D9%8A%D8%A9&query_place_id=ChIJpWU3PxrbwxUR5jHLl13AXd0,,
google_maps:ChIJ1XrmFgDRwxURqRzODqV7KpQ,2026-09-17__full_A_aesthetic_clinics__jeddah,مجمع عالية الفريد الطبي المتخصص جلدية - تجميل - ليزر - تقشير,Medical clinic,Jeddah,,none,none,,,,1,https://www.google.com/maps/search/?api=1&query=%D9%85%D8%AC%D9%85%D8%B9%20%D8%B9%D8%A7%D9%84%D9%8A%D8%A9%20%D8%A7%D9%84%D9%81%D8%B1%D9%8A%D8%AF%20%D8%A7%D9%84%D8%B7%D8%A8%D9%8A%20%D8%A7%D9%84%D9%85%D8%AA%D8%AE%D8%B5%D8%B5%20%D8%AC%D9%84%D8%AF%D9%8A%D8%A9%20-%20%D8%AA%D8%AC%D9%85%D9%8A%D9%84%20-%20%D9%84%D9%8A%D8%B2%D8%B1%20-%20%D8%AA%D9%82%D8%B4%D9%8A%D8%B1&query_place_id=ChIJ1XrmFgDRwxURqRzODqV7KpQ,,
google_maps:ChIJb_VDFRDlLj4RG1Zm_oz8irE,2026-09-17__full_A_aesthetic_clinics__riyadh,مجمع عيادات أسرار التجميل الطبي,Medical clinic,Riyadh,+9661•••••826,landline,own_site,asrarclinic.sa,,,1,https://www.google.com/maps/search/?api=1&query=%D9%85%D8%AC%D9%85%D8%B9%20%D8%B9%D9%8A%D8%A7%D8%AF%D8%A7%D8%AA%20%D8%A3%D8%B3%D8%B1%D8%A7%D8%B1%20%D8%A7%D9%84%D8%AA%D8%AC%D9%85%D9%8A%D9%84%20%D8%A7%D9%84%D8%B7%D8%A8%D9%8A&query_place_id=ChIJb_VDFRDlLj4RG1Zm_oz8irE,,
google_maps:ChIJGbsGsuQDLz4Ryr0M3cyhrPE,2026-09-17__full_A_aesthetic_clinics__riyadh,يشفين كلينك,Medical Center,Riyadh,+9661•••••935,landline,own_site,immcksa.com,,,1,https://www.google.com/maps/search/?api=1&query=%D9%8A%D8%B4%D9%81%D9%8A%D9%86%20%D9%83%D9%84%D9%8A%D9%86%D9%83&query_place_id=ChIJGbsGsuQDLz4Ryr0M3cyhrPE,,
google_maps:ChIJvSsykvz_Lj4RK2griRj472Q,2026-09-17__full_A_aesthetic_clinics__riyadh,مجمع روت الطبي,Cosmetic dentist,Riyadh,+9661•••••640,landline,own_site,root-clinics.com,,,1,https://www.google.com/maps/search/?api=1&query=%D9%85%D8%AC%D9%85%D8%B9%20%D8%B1%D9%88%D8%AA%20%D8%A7%D9%84%D8%B7%D8%A8%D9%8A&query_place_id=ChIJvSsykvz_Lj4RK2griRj472Q,,
google_maps:ChIJxVLRhwL-Lj4R7SE_j6USYjA,2026-09-17__full_A_aesthetic_clinics__riyadh,Health & Beauty Rejuvenation Clinics,Medical clinic,Riyadh,,none,own_site,hbrclinics.com,,,1,https://www.google.com/maps/search/?api=1&query=Health%20%26%20Beauty%20Rejuvenation%20Clinics&query_place_id=ChIJxVLRhwL-Lj4R7SE_j6USYjA,,
google_maps:ChIJ_____5z9Lj4RGOwzoEdOVaY,2026-09-17__full_A_aesthetic_clinics__riyadh,FEDAD Specialist Center For Dentistry,Specialized clinic,Riyadh,,none,own_site,fedadclinics.net,,fedadclinics,1,https://www.google.com/maps/search/?api=1&query=FEDAD%20Specialist%20Center%20For%20Dentistry&query_place_id=ChIJ_____5z9Lj4RGOwzoEdOVaY,,
google_maps:ChIJ4QbtabbjLj4RIAC0J_ZNNgM,2026-09-17__full_A_aesthetic_clinics__riyadh,Cosmo Doctor,Laser hair removal service,Riyadh,,none,own_site,cosmodoctor.com.sa,,,1,https://www.google.com/maps/search/?api=1&query=Cosmo%20Doctor&query_place_id=ChIJ4QbtabbjLj4RIAC0J_ZNNgM,,
google_maps:ChIJC0HW4xXjLj4RO1fR4y5q6HY,2026-09-17__full_A_aesthetic_clinics__riyadh,عيادات كليوباترا للجلدية والتجميل | الصحافة,Medical Center,Riyadh,+9665•••••322,mobile,linktree,,,cleoptra_clinic,1,https://www.google.com/maps/search/?api=1&query=%D8%B9%D9%8A%D8%A7%D8%AF%D8%A7%D8%AA%20%D9%83%D9%84%D9%8A%D9%88%D8%A8%D8%A7%D8%AA%D8%B1%D8%A7%20%D9%84%D9%84%D8%AC%D9%84%D8%AF%D9%8A%D8%A9%20%D9%88%D8%A7%D9%84%D8%AA%D8%AC%D9%85%D9%8A%D9%84%20%7C%20%D8%A7%D9%84%D8%B5%D8%AD%D8%A7%D9%81%D8%A9&query_place_id=ChIJC0HW4xXjLj4RO1fR4y5q6HY,,
google_maps:ChIJN-snEa4FLz4R2mzKsMtASTc,2026-09-17__full_A_aesthetic_clinics__riyadh,"Kaya Skin Clinic – Al Rawdah, Riyadh",Skin care clinic,Riyadh,+9665•••••279,mobile,own_site,kayaskinclinic.com,,kayaclinicarabia,2,https://www.google.com/maps/search/?api=1&query=Kaya%20Skin%20Clinic%20%E2%80%93%20Al%20Rawdah%2C%20Riyadh&query_place_id=ChIJN-snEa4FLz4R2mzKsMtASTc,,
google_maps:ChIJa1EV5qIDLz4RGeWmYnfpQUY,2026-09-17__full_A_aesthetic_clinics__riyadh,عيادات لا بوتيه الطبية | La beauté Clinics,Laser hair removal service,Riyadh,+9665•••••666,mobile,own_site,labeaute.sa,,,1,https://www.google.com/maps/search/?api=1&query=%D8%B9%D9%8A%D8%A7%D8%AF%D8%A7%D8%AA%20%D9%84%D8%A7%20%D8%A8%D9%88%D8%AA%D9%8A%D9%87%20%D8%A7%D9%84%D8%B7%D8%A8%D9%8A%D8%A9%20%7C%20La%20beaut%C3%A9%20Clinics&query_place_id=ChIJa1EV5qIDLz4RGeWmYnfpQUY,,
google_maps:ChIJ_bZgSQDjLj4Rf7oziUlmnSg,2026-09-17__full_A_aesthetic_clinics__riyadh,Drs Lounge clinic Yasmin | دكتورز لاونج كلينك الياسمين,Laser hair removal service,Riyadh,+9661•••••260,landline,own_site,drsloungeclinic.sa,,drsloungeclinic,1,https://www.google.com/maps/search/?api=1&query=Drs%20Lounge%20clinic%20Yasmin%20%7C%20%D8%AF%D9%83%D8%AA%D9%88%D8%B1%D8%B2%20%D9%84%D8%A7%D9%88%D9%86%D8%AC%20%D9%83%D9%84%D9%8A%D9%86%D9%83%20%D8%A7%D9%84%D9%8A%D8%A7%D8%B3%D9%85%D9%8A%D9%86&query_place_id=ChIJ_bZgSQDjLj4Rf7oziUlmnSg,,
